name, price, rating
wyscig z czasem film dvd, 3.0, 7.1
czego pragna kobiety, 10.0, 6.8
rio grande western dvd, 12.0, 6.7
4 filmy na dvd po angielsku nicole kidman i daniel craig, 10.0, 6.1
film dvd scooby doo i mumia, 9.0, 7.0
dvd pociag zycia firm, 5.0, 7.7
co sie wydarzylo w madison county, 7.0, 7.6
pasja mela gibsona nowy unikat, 35.0, 7.4
hotel transylwania cz 1, 22.5, 7.0
hotel transylwania cz 2, 22.5, 6.6
dvd plyta film biegnij lola biegnij, 5.0, 6.8
kultowy film utalentowany pan ripley na dvd w super cenie, 22.0, 7.4
discoveryatlas odkryte tajemnice wloch meksyku i chin blu ray, 30.0, 5.6
kasety video trylogia komplet 10 zl, 10.0, 5.7
lew w zimie glenn close patrick stewart dvd, 7.99, 6.9
blizniacy arnold schwarzenegger lektor pl film dvd, 40.0, 6.1
beethoven na tropie skarbu film dvd, 18.0, 5.2
krwawe igrzyska yabro chelsea quinn, 14.0, 5.7
film czas na milosc, 10.0, 7.6
plac waszyngtona film na dvd, 6.0, 7.2
film apartament, 7.0, 7.3
2 plyty dvd filmy ja wam pokaze zyciowa szansa, 4.0, 4.9
kapitan corelli film na dvd, 6.0, 6.7
nigdy nie jest za pozno dvd meryl streep, 4.0, 5.9